t,y
0.000051,-0.00012656884
0.010042,-1.7155416e-06
0.020059,0.00065400256
0.030049,0.0021531953
0.040040,0.0046207159
0.050057,0.0082119162
0.063692,0.015360906
0.076980,0.02445741
0.089941,0.035350969
0.102594,0.047891124
0.114958,0.061927414
0.127050,0.077309381
0.138891,0.093886564
0.150500,0.1115085
0.161895,0.13002474
0.173095,0.14928481
0.184119,0.16913827
0.194987,0.18943464
0.205716,0.21002347
0.216327,0.2307543
0.226838,0.25147666
0.237267,0.27204011
0.247635,0.29229418
0.257960,0.31208841
0.268260,0.33127233
0.278555,0.3496955
0.288865,0.36720746
0.299206,0.38365773
0.309600,0.39889586
0.320064,0.4127714
0.330055,0.42588862
0.340045,0.43809947
0.354701,0.45238563
0.368662,0.46562398
0.381982,0.47793457
0.394716,0.48943748
0.406918,0.50025278
0.418643,0.51050054
0.429945,0.52030082
0.440878,0.5297737
0.451496,0.53903924
0.461855,0.54821752
0.472009,0.5574286
0.482011,0.56679254
0.491916,0.57642943
0.501780,0.58645933
0.511655,0.59700231
0.521597,0.60817843
0.531660,0.62010778
0.541898,0.6329104
0.552365,0.64670638
0.563117,0.66161579
0.574207,0.67775869
0.585690,0.69525515
0.597621,0.71422524
0.610053,0.73478904
0.620043,0.75056058
0.630060,0.7663631
0.640051,0.78216562
0.663195,0.82121227
0.685747,0.85629754
0.707803,0.88760231
0.729462,0.91530748
0.750822,0.93959394
0.771981,0.96064258
0.793036,0.97863429
0.814086,0.99374996
0.835228,1.0061705
0.856561,1.0160767
0.878182,1.0236496
0.900189,1.0290701
0.922681,1.0325189
0.945754,1.034177
0.969507,1.0342253
0.994038,1.0328448
1.019446,1.0302161
1.045826,1.0265204
1.073279,1.0219384
1.101901,1.0166511
1.131791,1.0108392
1.163046,1.0046839
1.195764,0.9983658
1.230044,0.99206594
1.240035,0.98881785
1.250051,0.9852886
1.260042,0.98144722
1.270059,0.97723128
1.295023,0.96488955
1.320470,0.94947966
1.346328,0.93122988
1.372527,0.91036849
1.398998,0.88712376
1.425670,0.86172398
1.452473,0.83439742
1.479337,0.80537236
1.506190,0.77487708
1.532964,0.74313986
1.559587,0.71038897
1.585990,0.6768527
1.612102,0.64275931
1.637853,0.60833709
1.663172,0.57381433
1.687991,0.53941928
1.712237,0.50538024
1.735842,0.47192548
1.758734,0.43928328
1.780844,0.40768191
1.802101,0.37734967
1.822435,0.34851481
1.841775,0.32140563
1.860052,0.29625039
1.870043,0.28188464
1.880034,0.26755033
1.903245,0.23441116
1.925978,0.20236988
1.948316,0.17138575
1.970338,0.14141804
1.992127,0.11242602
2.013764,0.084368961
2.035331,0.057206123
2.056908,0.030896776
2.078577,0.0054001871
2.100420,-0.019324377
2.122518,-0.04331765
2.144952,-0.066620364
2.167804,-0.089273252
2.191156,-0.11131705
2.215087,-0.13279248
2.239681,-0.15374029
2.265018,-0.1742012
2.291180,-0.19421596
2.318248,-0.21382528
2.346303,-0.23306991
2.375427,-0.25199058
2.405702,-0.27062801
2.437208,-0.28902295
2.470028,-0.30721613
2.480018,-0.31321195
2.490035,-0.31923922
2.500026,-0.32532939
2.510016,-0.33154442
2.520033,-0.33782139
2.579404,-0.37507384
2.636436,-0.42024925
2.691343,-0.47200328
2.744338,-0.52899158
2.795632,-0.58986979
2.845438,-0.65329358
2.893970,-0.7179186
2.941439,-0.78240049
2.988059,-0.84539492
3.034042,-0.90555753
3.079601,-0.96154398
3.124948,-1.0120099
3.170297,-1.055611
3.215859,-1.0910029
3.261847,-1.1168412
3.308475,-1.1317817
3.355954,-1.1344798
3.404497,-1.1235914
3.454318,-1.0977721
3.505628,-1.0556774
3.558641,-0.99596318
3.613568,-0.91728493
3.670623,-0.81829835
3.730019,-0.69765909
3.740035,-0.67582883
3.750026,-0.6535935
3.760017,-0.63095121
3.770033,-0.60787146
3.780983,-0.58314482
3.791783,-0.55794598
3.802456,-0.5323278
3.813027,-0.50634315
3.823519,-0.48004488
3.833958,-0.45348587
3.844366,-0.42671898
3.854768,-0.39979706
3.865188,-0.37277299
3.875650,-0.34569963
3.886178,-0.31862985
3.896797,-0.2916165
3.907529,-0.26471245
3.918400,-0.23797057
3.929434,-0.21144371
3.940654,-0.18518475
3.952084,-0.15924655
3.963749,-0.13368197
3.975673,-0.10854387
3.987879,-0.083885128
4.000393,-0.059758594
4.013237,-0.036217138
4.026436,-0.013313623
4.040014,0.0088990859
4.050031,0.022983682
4.060022,0.035819745
4.073254,0.05095633
4.086122,0.063754171
4.098656,0.07438955
4.110887,0.083038747
4.122848,0.089878045
4.134568,0.095083724
4.146079,0.098832067
4.157413,0.10129935
4.168600,0.10266187
4.179672,0.10309589
4.190660,0.1027777
4.201595,0.10188358
4.212507,0.10058982
4.223429,0.099072685
4.234392,0.097508468
4.245426,0.096073448
4.256563,0.094943906
4.267834,0.094296124
4.279270,0.094306383
4.290903,0.095150965
4.302763,0.097006151
4.314882,0.10004822
4.327290,0.10445346
4.340020,0.11039815
4.350010,0.11661317
4.360027,0.12398333
4.370018,0.13247812
4.380009,0.14219095
4.392787,0.15737219
4.405191,0.17325586
4.417252,0.18978509
4.429004,0.20690302
4.440479,0.22455279
4.451712,0.24267753
4.462734,0.26122038
4.473579,0.28012448
4.484281,0.29933296
4.494871,0.31878897
4.505384,0.33843564
4.515852,0.35821611
4.526308,0.37807351
4.536786,0.39795099
4.547318,0.41779168
4.557938,0.43753872
4.568678,0.45713525
4.579572,0.4765244
4.590653,0.49564931
4.601954,0.51445312
4.613507,0.53287896
4.625347,0.55086998
4.637505,0.56836931
4.650016,0.5853201
4.660006,0.59896771
4.670023,0.61224075
4.680075,0.62502866
4.690346,0.63771782
4.700826,0.65030347
4.711502,0.66278087
4.722366,0.67514529
4.733405,0.68739197
4.744610,0.69951617
4.755970,0.71151314
4.767474,0.72337815
4.779110,0.73510645
4.790870,0.74669329
4.802741,0.75813392
4.814713,0.76942361
4.826776,0.78055761
4.838918,0.79153118
4.851130,0.80233956
4.863400,0.81297802
4.875717,0.82344181
4.888071,0.83372619
4.900452,0.84382641
4.912847,0.85373773
4.925248,0.8634554
4.937643,0.87297468
4.950021,0.88229082
4.960011,0.88950468
4.970028,0.89656318
4.980018,0.90340247
4.990009,0.91011691
5.000026,0.91661309
