t,joint1,joint2,joint3,joint4,joint5,joint6
0,3.5251843e-07,-1.448378e-06,-0.00012656884,-7.5130444e-05,6.0908106e-05,-1.448378e-06
0.01,0.000129227,0.00012418995,-2.2403978e-06,0.00067446089,0.00015391639,0.0017273535
0.02,0.00069574461,0.00074813539,0.00065014039,0.00484916,0.00062053282,0.010553789
0.03,0.0019530048,0.0021826427,0.0021458419,0.014039531,0.0015870659,0.026677423
0.04,0.0039644796,0.0044957076,0.0046108369,0.028409555,0.0029876451,0.046588633
0.05,0.0082232661,0.0094481945,0.0081914811,0.047105357,0.004860514,0.066610587
0.06,0.012482053,0.014400681,0.013425147,0.072208366,0.0072256091,0.08212625
0.07,0.016740839,0.019365957,0.019679144,0.095943041,0.0095929662,0.097892963
0.08,0.021736725,0.026562113,0.026995682,0.11807055,0.012607284,0.1139035
0.09,0.028004503,0.033758269,0.035409443,0.13833825,0.015690559,0.13014426
0.1,0.034272282,0.041373612,0.045320258,0.15651839,0.019479479,0.14659882
0.11,0.04054006,0.050851682,0.056298821,0.1724446,0.02349714,0.16324751
0.12,0.048560062,0.060329751,0.068341231,0.18604723,0.028112442,0.1800683
0.13,0.056847229,0.070989121,0.081439327,0.1973921,0.033289874,0.19703757
0.14,0.065134397,0.082749456,0.095569976,0.20657394,0.03888427,0.21413101
0.15,0.074442255,0.094509791,0.11074952,0.21406368,0.045414684,0.23131787
0.16,0.084751393,0.10848381,0.12694547,0.22050521,0.052628135,0.24856136
0.17,0.09506053,0.12247838,0.1439625,0.22642866,0.060583597,0.26583097
0.18,0.10592092,0.13772233,0.16172024,0.23232187,0.069426631,0.28309673
0.19,0.11824636,0.15384714,0.18012124,0.23858384,0.079553462,0.30032775
0.2,0.1305718,0.17053754,0.19905453,0.2455001,0.090840621,0.31749236
0.21,0.14323497,0.18862617,0.21839317,0.2532397,0.1034395,0.33456136
0.22,0.15756001,0.20685094,0.23799559,0.26187152,0.11751356,0.35150693
0.23,0.17188506,0.22666943,0.25771135,0.27138535,0.13320995,0.36830192
0.24,0.18657775,0.24648792,0.27737907,0.28171612,0.15064343,0.38492283
0.25,0.2028741,0.26765313,0.29682816,0.29302581,0.1699731,0.40134475
0.26,0.21917045,0.28890141,0.31588794,0.30525347,0.19124225,0.4175175
0.27,0.23608727,0.31107185,0.33438611,0.31806944,0.21414829,0.43343901
0.28,0.25431356,0.33339129,0.35214989,0.3317176,0.23843628,0.44910112
0.29,0.27253985,0.35625372,0.369013,0.34611346,0.26385448,0.46449021
0.3,0.29183126,0.37923608,0.38482177,0.36089005,0.28983083,0.47959678
0.31,0.31192847,0.40239978,0.39942627,0.37664949,0.31590761,0.49441488
0.32,0.33202569,0.4256089,0.41268653,0.39249969,0.34170936,0.50894034
0.33,0.35378356,0.44864433,0.42581641,0.40691767,0.36849506,0.52284962
0.34,0.37567609,0.47163249,0.43804447,0.42133584,0.3948425,0.53644926
0.35,0.39822151,0.49412354,0.44780326,0.43578722,0.42069651,0.54980384
0.36,0.42181473,0.5164589,0.45741034,0.4502783,0.44519479,0.56265739
0.37,0.44540795,0.53804563,0.46686058,0.46478903,0.46811745,0.57505573
0.38,0.47049049,0.55932569,0.47610277,0.4793009,0.48909238,0.58703384
0.39,0.49566573,0.57974301,0.48517741,0.49379559,0.50762364,0.59863715
0.4,0.52169429,0.59961567,0.49412098,0.50825508,0.52406943,0.60990185
0.41,0.54830923,0.61871456,0.50294648,0.52266085,0.53826176,0.62086012
0.42,0.57534738,0.63688888,0.51167723,0.53699625,0.55007071,0.63154082
0.43,0.60323284,0.65463865,0.52034847,0.55124464,0.55942195,0.6419687
0.44,0.6312874,0.6708884,0.52901296,0.56538986,0.56631471,0.65216685
0.45,0.66024384,0.68713815,0.53773379,0.57941714,0.5708355,0.66215674
0.46,0.68925281,0.70152949,0.54657395,0.59331237,0.57316358,0.67195769
0.47,0.71905242,0.71569418,0.55560616,0.60706234,0.57356893,0.68158719
0.48,0.74887622,0.72887386,0.56490983,0.62065704,0.57239986,0.69105913
0.49,0.77925585,0.74085448,0.57456529,0.63406617,0.57006105,0.70037098
0.5,0.80966147,0.75283511,0.58464939,0.64728565,0.56698502,0.70956282
0.51,0.84032574,0.76284775,0.59523536,0.66031272,0.56360165,0.71864676
0.52,0.87098078,0.77259963,0.60638319,0.67314134,0.56030893,0.72763565
0.53,0.90160029,0.78197153,0.61813991,0.68576471,0.55745054,0.73654197
0.54,0.93206392,0.7894961,0.63053695,0.69817744,0.55530061,0.74537728
0.55,0.96227568,0.79702067,0.6435892,0.71037607,0.55405729,0.75414882
0.56,0.99199309,0.8038939,0.65729356,0.72234339,0.55384443,0.76286738
0.57,1.0214001,0.80922763,0.67163487,0.73404382,0.55472062,0.77155265
0.58,1.0497034,0.81456137,0.68658539,0.74551627,0.5571124,0.78021467
0.59,1.0774988,0.81937206,0.70210798,0.75676098,0.5607005,0.78886387
0.6,1.1039974,0.82258045,0.71816035,0.76777911,0.56540134,0.79751063
0.61,1.129206,0.82578885,0.73470137,0.77857162,0.57111482,0.80616444
0.62,1.153555,0.8289974,0.75049269,0.78888023,0.57888807,0.81454338
0.63,1.1781803,0.83245886,0.76626845,0.79887591,0.58789294,0.82274546
0.64,1.2018965,0.83580398,0.78208495,0.80858402,0.59810911,0.83087415
0.65,1.2240728,0.83865934,0.79895075,0.81768042,0.60935806,0.83868332
0.66,1.246249,0.8415147,0.81582193,0.82677681,0.62285786,0.8464925
0.67,1.268092,0.84437006,0.83179915,0.83560192,0.63659732,0.85404446
0.68,1.2875743,0.84807011,0.84735665,0.84431927,0.65055671,0.86148098
0.69,1.3070566,0.85177569,0.86233396,0.85285161,0.66472573,0.86877171
0.7,1.3256245,0.85559442,0.87652727,0.86115257,0.67909499,0.87581964
0.71,1.3423594,0.86011457,0.89041261,0.86936912,0.69365638,0.88284536
0.72,1.3590942,0.86463473,0.90320414,0.87721854,0.70839927,0.88948793
0.73,1.3740806,0.86947589,0.91591919,0.88506795,0.72334114,0.8961305
0.74,1.3880308,0.87475548,0.92728926,0.8924625,0.73844528,0.90246732
0.75,1.4019777,0.88003506,0.93865932,0.8998275,0.75369799,0.90868967
0.76,1.413129,0.8858819,0.94872407,0.9068341,0.76908986,0.91474138
0.77,1.4242802,0.89184452,0.95867191,0.91368422,0.78461101,0.92052909
0.78,1.4341904,0.89801032,0.9674949,0.92028865,0.80025217,0.92629495
0.79,1.4425526,0.90455678,0.97604,0.92659712,0.81600466,0.93163372
0.8,1.4509147,0.91110324,0.98363503,0.9327884,0.83185566,0.93697249
0.81,1.4566591,0.91809343,0.99081587,0.938531,0.84780329,0.94199093
0.82,1.4622701,0.92510168,0.99722433,0.94427359,0.86382897,0.94686846
0.83,1.4665036,0.93231755,1.0030991,0.94945895,0.87991723,0.95159012
0.84,1.4694299,0.93964279,1.0083864,0.95461616,0.89605793,0.95599405
0.85,1.4720405,0.94703153,1.01303,0.95936159,0.9122394,0.96039798
0.86,1.4723795,0.95450944,1.0172812,0.96391654,0.92844959,0.96434091
0.87,1.4727184,0.96198147,1.0207838,0.96822724,0.94467592,0.96826019
0.88,1.4711619,0.96943369,1.0240974,0.97216804,0.96090472,0.9719025
0.89,1.4690412,0.97686861,1.0265605,0.97605305,0.97712228,0.97532694
0.9,1.4658824,0.98410663,1.0290235,0.97937114,0.99331593,0.97867394
0.91,1.4614603,0.99134464,1.0305745,0.98268923,1.0094702,0.98159395
0.92,1.4567087,0.99819559,1.0321078,0.98553388,1.0255699,0.98451395
0.93,1.4501716,1.0050289,1.0330449,0.98822473,1.0419487,0.98705894
0.94,1.4436345,1.0113668,1.0337635,0.99067135,1.0581623,0.98946612
0.95,1.4354284,1.0176113,1.0341856,0.99273404,1.0747086,0.99172137
0.96,1.4269884,1.0233067,1.034206,0.99479674,1.0908037,0.99360821
0.97,1.4175351,1.0287903,1.0341976,0.99624218,1.105863,0.99549505
0.98,1.407426,1.0337419,1.0336348,0.9976795,1.1198051,0.99694206
0.99,1.3968376,1.0383129,1.033072,0.99877919,1.1329788,0.99830184
1,1.385311,1.0424563,1.032228,0.999597,1.1447147,0.99947108
1.01,1.3737123,1.0459869,1.0311934,1.0003793,1.1551634,1.000298
1.02,1.3610312,1.0492994,1.0301385,1.0005867,1.1644688,1.001125
1.03,1.3483501,1.0516899,1.0287375,1.0007941,1.1724221,1.0014893
1.04,1.3349859,1.0540803,1.0273366,1.0006889,1.178379,1.0017785
1.05,1.3214208,1.0553686,1.0258237,1.0002975,1.1827837,1.0018828
1.06,1.3075733,1.0565475,1.0241547,0.99990601,1.1854825,1.0016302
1.07,1.2933952,1.0570336,1.0224857,0.99896957,1.1863244,1.0013775
1.08,1.2791759,1.0569574,1.0206968,0.99799331,1.1851692,1.0006893
1.09,1.2646517,1.0567495,1.0188496,0.99685581,1.1818952,0.99989158
1.1,1.2501276,1.0554005,1.0170023,0.99531078,1.1763707,0.99896628
1.11,1.2355381,1.0540516,1.0150763,0.99376576,1.1685254,0.99762106
1.12,1.2209256,1.0520049,1.0131319,0.99190547,1.1584565,0.99627584
1.13,1.2063622,1.0493879,1.0111874,0.98980947,1.146189,0.99457821
1.14,1.1919059,1.0467709,1.0092225,0.98771346,1.1317978,0.99268398
1.15,1.1774495,1.0430616,1.0072532,0.98519532,1.1154088,0.99077632
1.16,1.1633152,1.0392002,1.0052838,0.98256726,1.097198,0.98833221
1.17,1.1492433,1.0352522,1.003341,0.9799392,1.0773516,0.9858881
1.18,1.1353489,1.0301849,1.00141,0.97682874,1.0561776,0.9832353
1.19,1.1218694,1.0251176,0.99947887,0.97368901,1.0339509,0.98024115
1.2,1.10839,1.0199137,0.99758732,0.97054162,1.0109486,0.97724701
1.21,1.0954513,1.0136899,0.99574956,0.96691092,0.98743411,0.97386502
1.22,1.0827522,1.0074662,0.99391179,0.96328022,0.9636513,0.97032136
1.23,1.0700512,1.0012419,0.99207403,0.95964707,0.93852717,0.96677643
1.24,1.0571734,0.99478654,0.98882923,0.9556885,0.91320929,0.96272243
1.25,1.0443898,0.98809483,0.98530657,0.95161134,0.88782753,0.95846935
1.26,1.0318231,0.98129676,0.98146337,0.9473658,0.86269583,0.95397864
1.27,1.0193539,0.97431098,0.97725611,0.9429607,0.8379023,0.94919292
1.28,1.0072583,0.96709965,0.97231664,0.93794231,0.81379849,0.94375992
1.29,0.99516256,0.95988832,0.96737283,0.93292391,0.79225799,0.93832692
1.3,0.98323829,0.952677,0.96187564,0.92790551,0.77085391,0.93271132
1.31,0.9714308,0.94535863,0.95581996,0.92232107,0.74984378,0.92675013
1.32,0.95966264,0.9380324,0.94976428,0.9166054,0.72956784,0.92078893
1.33,0.94810678,0.93070616,0.94275368,0.91088974,0.71037766,0.91448916
1.34,0.93655092,0.92325074,0.93569599,0.9046792,0.69263988,0.90802748
1.35,0.92514618,0.91578901,0.92830599,0.89826644,0.67669116,0.90156581
1.36,0.91380711,0.90831772,0.92034332,0.89185368,0.66279765,0.89462933
1.37,0.90250824,0.90069931,0.91238066,0.88495634,0.65124764,0.88769243
1.38,0.89135209,0.8930809,0.90380629,0.87784944,0.64213063,0.88061194
1.39,0.88019594,0.88541787,0.89502509,0.87074254,0.63519962,0.87322279
1.4,0.86914875,0.87762033,0.88616955,0.86310458,0.63030518,0.86583364
1.41,0.85814246,0.86982279,0.87664654,0.85531004,0.62724733,0.85817013
1.42,0.84716248,0.86192166,0.86712353,0.84751551,0.62580259,0.85034941
1.43,0.83627481,0.85392196,0.8573094,0.83909125,0.62574428,0.84252868
1.44,0.82538714,0.84592225,0.84711406,0.83061836,0.6268717,0.83431317
1.45,0.81456145,0.837731,0.83691873,0.82203766,0.62926143,0.82608025
1.46,0.80376152,0.82950482,0.82626491,0.81290014,0.63247833,0.81773367
1.47,0.79297221,0.82121741,0.81546047,0.80376262,0.63636736,0.80910567
1.48,0.78223007,0.8127406,0.80461943,0.7943216,0.64086796,0.80047767
1.49,0.77148793,0.80426378,0.79326305,0.78453818,0.6461473,0.7916107
1.5,0.76076403,0.79559348,0.78190668,0.77475477,0.65175743,0.78260309
1.51,0.75004967,0.78684132,0.7703608,0.76444278,0.6578223,0.77359548
1.52,0.73933505,0.77802439,0.75850706,0.75403538,0.66431799,0.7642276
1.53,0.72861863,0.76897225,0.74665331,0.74345517,0.67099622,0.75485509
1.54,0.7179022,0.7599201,0.73448436,0.73245166,0.67814722,0.745354
1.55,0.70716639,0.75061576,0.72218264,0.72144815,0.68534344,0.73562923
1.56,0.69641759,0.74123978,0.70986439,0.70999715,0.68958505,0.72590447
1.57,0.68566425,0.73172982,0.6971627,0.69843012,0.69262389,0.71591861
1.58,0.67485382,0.72200692,0.68446101,0.68667597,0.69462879,0.70585331
1.59,0.6640434,0.71227185,0.671617,0.67458274,0.69472622,0.69572318
1.6,0.65318187,0.70217883,0.65856041,0.66248952,0.69294031,0.68532782
1.61,0.6422793,0.69208581,0.64550381,0.64992806,0.68930881,0.67493246
1.62,0.63137129,0.68171421,0.63220179,0.63735231,0.68332348,0.66432574
1.63,0.62034544,0.67123102,0.61883446,0.62450095,0.67557457,0.6536092
1.64,0.60931958,0.66057403,0.60540963,0.61149068,0.66624651,0.64284393
1.65,0.59820886,0.64968113,0.59177451,0.59834992,0.65539412,0.63181478
1.66,0.58702731,0.63872078,0.57813939,0.58495952,0.64299998,0.62078564
1.67,0.57583444,0.62740226,0.56435185,0.57153912,0.62890797,0.60954384
1.68,0.56446507,0.61608375,0.55049349,0.55782692,0.61360539,0.59820815
1.69,0.55309571,0.60436369,0.53659884,0.54411471,0.597171,0.5867898
1.7,0.5415948,0.5926047,0.5225598,0.53017538,0.5796922,0.57515431
1.71,0.53000332,0.58053896,0.50852077,0.51620508,0.56126588,0.56351882
1.72,0.51837475,0.56832787,0.49437794,0.5021023,0.54190493,0.55161508
1.73,0.5065248,0.55590808,0.4802052,0.48794265,0.52184541,0.53968341
1.74,0.49467485,0.5432374,0.4659965,0.47371833,0.50128106,0.52757956
1.75,0.48261322,0.53045804,0.45173728,0.45944063,0.48035118,0.51535502
1.76,0.47046805,0.51732115,0.43747381,0.44514517,0.45921173,0.50303556
1.77,0.45821692,0.50417931,0.42318102,0.43082525,0.43803608,0.49052013
1.78,0.4457356,0.49057513,0.40888822,0.41651601,0.41701644,0.47796835
1.79,0.43325428,0.47697095,0.39461694,0.40223013,0.39636963,0.4651619
1.8,0.42041766,0.46300196,0.38034765,0.38796988,0.37633212,0.45235546
1.81,0.40755876,0.44893086,0.3661484,0.37379865,0.35718769,0.43926163
1.82,0.39444738,0.43461008,0.35196779,0.35965552,0.33925558,0.42616425
1.83,0.38116548,0.4200768,0.33791083,0.34567757,0.32282265,0.412795
1.84,0.36774863,0.40541533,0.32389368,0.33172035,0.30824538,0.39940173
1.85,0.35399424,0.39042765,0.31008529,0.31801679,0.29592831,0.38573196
1.86,0.34023952,0.37544017,0.29632196,0.30429902,0.28212222,0.3720388
1.87,0.32645112,0.36055627,0.28194647,0.28914573,0.26923872,0.35831208
1.88,0.31250427,0.34558612,0.26759911,0.27392898,0.25716773,0.344559
1.89,0.29829189,0.33025206,0.25332152,0.25858001,0.24584561,0.3308118
1.9,0.28407951,0.31491801,0.23904416,0.24323103,0.23597708,0.31706459
1.91,0.26985303,0.29948101,0.22489025,0.22781474,0.22643029,0.30321791
1.92,0.25507202,0.28394088,0.21079564,0.21236221,0.21715693,0.28924949
1.93,0.24029101,0.26839729,0.19679113,0.19688554,0.20812295,0.27528107
1.94,0.22544688,0.25267108,0.18292053,0.18135297,0.19929696,0.26112385
1.95,0.21009928,0.23694487,0.16909415,0.1658204,0.19065126,0.24695045
1.96,0.19475168,0.22112746,0.15548607,0.15023592,0.182161,0.23269906
1.97,0.17925365,0.20523749,0.14187799,0.13464933,0.17380358,0.21833731
1.98,0.16334513,0.18933151,0.12856197,0.11904461,0.16555826,0.20397557
1.99,0.14743662,0.17329843,0.11525616,0.10342902,0.15740574,0.18945763
2,0.1312556,0.15726534,0.10221697,0.087812728,0.1493285,0.17492735
2.01,0.11479232,0.14115073,0.089249803,0.072194705,0.14131419,0.16032795
2.02,0.098329036,0.12499795,0.07651495,0.056576682,0.13333414,0.14564628
2.03,0.081443659,0.10882011,0.06392032,0.040980505,0.12537252,0.13096438
2.04,0.064437001,0.092571788,0.051513101,0.02538526,0.11741388,0.11615276
2.05,0.047366125,0.076323462,0.039319864,0.0098198378,0.10944269,0.10134114
2.06,0.029828741,0.060013564,0.027258608,-0.0057275686,0.10144361,0.086467457
2.07,0.012291357,0.043693047,0.015492219,-0.021253904,0.093401999,0.071544993
2.08,-0.0055134841,0.027351023,0.0037894626,-0.036726751,0.085288359,0.056611064
2.09,-0.023565109,0.010982777,-0.0075297536,-0.052199597,0.077089991,0.041599865
2.1,-0.041616734,-0.0053866516,-0.01884897,-0.067580788,0.068791773,0.026588665
2.11,-0.060148078,-0.021777195,-0.029726022,-0.082955492,0.060375968,0.011529366
2.12,-0.078694106,-0.038167739,-0.040583689,-0.098259457,0.051822809,-0.003549839
2.13,-0.097460528,-0.054556579,-0.051089376,-0.11351111,0.04311078,-0.018642573
2.14,-0.11647768,-0.070944532,-0.061476607,-0.12873305,0.034217263,-0.033768081
2.15,-0.13549874,-0.08732529,-0.07162438,-0.14383821,0.025117835,-0.048893589
2.16,-0.15495866,-0.10368578,-0.081537249,-0.15894338,0.015783394,-0.064040017
2.17,-0.17441859,-0.12004627,-0.09134623,-0.17391175,0.0073594292,-0.07918925
2.18,-0.19412304,-0.13636169,-0.10078602,-0.18884914,-0.00095570247,-0.09433896
2.19,-0.21399791,-0.15267001,-0.11022581,-0.20370848,-0.0091024693,-0.1094892
2.2,-0.23395074,-0.16894305,-0.11925356,-0.21845537,-0.017046452,-0.12463813
2.21,-0.25420442,-0.18517478,-0.12822746,-0.23320226,-0.024763016,-0.13976854
2.22,-0.2744581,-0.20140146,-0.1369771,-0.24774184,-0.032226823,-0.15489895
2.23,-0.29500531,-0.217532,-0.14549455,-0.2622779,-0.039411944,-0.17000105
2.24,-0.31560261,-0.23366255,-0.1539979,-0.27669192,-0.046292651,-0.18508837
2.25,-0.33636067,-0.24971512,-0.1620734,-0.29099924,-0.052845481,-0.20016001
2.26,-0.35726077,-0.26572178,-0.17014891,-0.30529229,-0.059039974,-0.21518309
2.27,-0.37822119,-0.28169949,-0.17801259,-0.31935303,-0.064855538,-0.23020617
2.28,-0.3993813,-0.29755898,-0.18566291,-0.33341377,-0.070297963,-0.24515803
2.29,-0.42054142,-0.31341847,-0.19331322,-0.34732821,-0.075360135,-0.26009479
2.3,-0.44190636,-0.32915134,-0.20060558,-0.36112481,-0.080041971,-0.2749886
2.31,-0.46328125,-0.34484186,-0.20785004,-0.37491622,-0.084348347,-0.28981741
2.32,-0.48477202,-0.36047812,-0.21502708,-0.38843473,-0.08829006,-0.30464623
2.33,-0.50631433,-0.3759782,-0.22188669,-0.40195324,-0.091883358,-0.31935288
2.34,-0.52790916,-0.39147827,-0.2287463,-0.41534049,-0.095148441,-0.33405451
2.35,-0.54956985,-0.40681097,-0.2354717,-0.42856724,-0.098108964,-0.34868039
2.36,-0.57124428,-0.42210202,-0.24196829,-0.441794,-0.10079052,-0.36323378
2.37,-0.59297215,-0.43732573,-0.24846488,-0.4547635,-0.10321938,-0.37777935
2.38,-0.61470002,-0.45238843,-0.25480574,-0.46768577,-0.10542059,-0.39216599
2.39,-0.63644457,-0.46745114,-0.26096179,-0.48054477,-0.10737424,-0.40655262
2.4,-0.65818962,-0.48232536,-0.26711783,-0.49315225,-0.10915457,-0.42083414
2.41,-0.67990891,-0.4971416,-0.27313742,-0.50575973,-0.11078469,-0.43503512
2.42,-0.70161905,-0.51190326,-0.27897597,-0.5182,-0.11228507,-0.44922252
2.43,-0.72328653,-0.52645675,-0.28481452,-0.53048324,-0.11365369,-0.46322044
2.44,-0.7449119,-0.54101024,-0.29057065,-0.54276648,-0.11489918,-0.47721836
2.45,-0.76650189,-0.55539111,-0.29611397,-0.5547884,-0.11607066,-0.49109593
2.46,-0.78799251,-0.56966686,-0.30165729,-0.56673934,-0.11717743,-0.50487374
2.47,-0.80948258,-0.58394254,-0.30720061,-0.57868863,-0.11876894,-0.51865032
2.48,-0.83092573,-0.59819983,-0.31320115,-0.59048127,-0.12060587,-0.53209448
2.49,-0.85225547,-0.61229464,-0.31921816,-0.60214377,-0.1227291,-0.5453472
2.5,-0.87354364,-0.62633157,-0.32531354,-0.61369833,-0.12519147,-0.55850857
2.51,-0.89468291,-0.64020947,-0.33153447,-0.62512688,-0.12815622,-0.57148169
2.52,-0.91578464,-0.65405711,-0.33780071,-0.63647577,-0.13165362,-0.5843293
2.53,-0.93675978,-0.66740612,-0.3440752,-0.64769886,-0.13579692,-0.59679174
2.54,-0.95757952,-0.68075512,-0.35034972,-0.65906611,-0.14106901,-0.60925417
2.55,-0.97776996,-0.69410413,-0.35662424,-0.67043336,-0.14634891,-0.62171661
2.56,-0.99806656,-0.70745313,-0.36289876,-0.68144919,-0.15162882,-0.63417904
2.57,-1.0184148,-0.72080214,-0.36917328,-0.69245535,-0.15853987,-0.64664147
2.58,-1.0387588,-0.73415114,-0.37554594,-0.70310705,-0.16780013,-0.65842372
2.59,-1.0590518,-0.74732182,-0.383467,-0.71373051,-0.17706039,-0.66999562
2.6,-1.0792474,-0.7598668,-0.39138806,-0.72400487,-0.1865733,-0.68156753
2.61,-1.099306,-0.77241178,-0.39930913,-0.73422624,-0.19991516,-0.69313943
2.62,-1.1191766,-0.78495676,-0.40723019,-0.7441137,-0.21325701,-0.70471134
2.63,-1.1388283,-0.79750174,-0.41515125,-0.75391549,-0.22659886,-0.71572341
2.64,-1.1582273,-0.81004672,-0.42360859,-0.76341071,-0.24378452,-0.72636179
2.65,-1.1773442,-0.8225917,-0.43303435,-0.77277796,-0.26125373,-0.73700018
2.66,-1.1961543,-0.83429465,-0.44246011,-0.78188033,-0.27872294,-0.74763856
2.67,-1.2146328,-0.84590206,-0.45188588,-0.7908015,-0.30029302,-0.75827694
2.68,-1.2327601,-0.85750948,-0.46131164,-0.79951394,-0.32186515,-0.76842366
2.69,-1.2505184,-0.86911689,-0.4707374,-0.80797875,-0.34442724,-0.77808808
2.7,-1.2678911,-0.88072431,-0.48131261,-0.81630807,-0.3699847,-0.78775249
2.71,-1.2848677,-0.89233172,-0.49206613,-0.82430998,-0.39554216,-0.7974169
2.72,-1.3013441,-0.9028682,-0.50281965,-0.8322668,-0.42357587,-0.80708131
2.73,-1.3173789,-0.91339604,-0.51357318,-0.83980092,-0.45288693,-0.81626968
2.74,-1.3329723,-0.92392388,-0.5243267,-0.84733503,-0.48292761,-0.82492317
2.75,-1.3481206,-0.93445173,-0.53571152,-0.85446262,-0.51563226,-0.83357666
2.76,-1.3628219,-0.94497957,-0.54758,-0.86152677,-0.54833691,-0.84223015
2.77,-1.3770106,-0.95494121,-0.55944849,-0.86831089,-0.58362467,-0.85088364
2.78,-1.3906348,-0.96424243,-0.57131697,-0.87490449,-0.61921161,-0.85902549
2.79,-1.4037919,-0.97354366,-0.58318546,-0.88136562,-0.65632356,-0.86663459
2.8,-1.4164857,-0.98284489,-0.59543207,-0.88749132,-0.69413743,-0.87424369
2.81,-1.4287133,-0.99214612,-0.60816624,-0.89361701,-0.73274916,-0.88185279
2.82,-1.4396137,-1.0010841,-0.62090041,-0.89931271,-0.77198067,-0.88946189
2.83,-1.4496757,-1.0090134,-0.63363457,-0.90497394,-0.81146232,-0.89647697
2.84,-1.4588708,-1.0169427,-0.64636874,-0.91039678,-0.85118266,-0.90301287
2.85,-1.4671326,-1.024872,-0.65936832,-0.91559923,-0.89063179,-0.90954876
2.86,-1.4744394,-1.0328013,-0.67268428,-0.92077409,-0.92982377,-0.91608466
2.87,-1.4807555,-1.0401885,-0.68600024,-0.92552494,-0.96814293,-0.92262056
2.88,-1.4857292,-1.0466103,-0.6993162,-0.9302758,-1.0057462,-0.92843918
2.89,-1.4896433,-1.053032,-0.71263216,-0.93478425,-1.0417694,-0.93387765
2.9,-1.4925285,-1.0594538,-0.72610975,-0.93909186,-1.0767461,-0.93931613
2.91,-1.494366,-1.0658756,-0.73969375,-0.94339948,-1.1093831,-0.94475461
2.92,-1.4951425,-1.0711549,-0.75327775,-0.94728504,-1.1407697,-0.95019308
2.93,-1.4947564,-1.0759537,-0.76686175,-0.95115912,-1.1691413,-0.95475839
2.94,-1.4932091,-1.0807524,-0.78044575,-0.95489043,-1.196103,-0.95908028
2.95,-1.4906386,-1.0855511,-0.79396839,-0.95834149,-1.2196365,-0.96340217
2.96,-1.4870581,-1.0899132,-0.8074807,-0.96179256,-1.2415005,-0.96772406
2.97,-1.4824883,-1.0930043,-0.82099302,-0.96498215,-1.2599771,-0.97204596
2.98,-1.4769585,-1.0960954,-0.83450534,-0.9680217,-1.2762569,-0.97531645
2.99,-1.4705069,-1.0991865,-0.84793446,-0.97106124,-1.2897968,-0.9785083
3,-1.4631799,-1.1022775,-0.86101812,-0.9737558,-1.3001906,-0.98170015
3.01,-1.455034,-1.1036654,-0.87410179,-0.97639596,-1.3091968,-0.98489199
3.02,-1.4461336,-1.1050059,-0.88718545,-0.97902865,-1.3135781,-0.9879805
3.03,-1.4365517,-1.1063465,-0.90026911,-0.98128187,-1.3179593,-0.99003427
3.04,-1.4263699,-1.1076871,-0.91287918,-0.9835351,-1.317043,-0.99208803
3.05,-1.4156781,-1.107609,-0.92516796,-0.98575158,-1.3154343,-0.9941418
3.06,-1.4045702,-1.1072063,-0.93745674,-0.98763102,-1.3114406,-0.99619556
3.07,-1.3931503,-1.1068036,-0.94974552,-0.98951046,-1.3039865,-0.99795853
3.08,-1.3815239,-1.1064009,-0.96198802,-0.99135469,-1.2965324,-0.99887192
3.09,-1.3698027,-1.104761,-0.97311685,-0.99287344,-1.2846849,-0.99978531
3.1,-1.3580898,-1.1026773,-0.98424569,-0.99439219,-1.2716213,-1.0006987
3.11,-1.3458958,-1.1005935,-0.99537452,-0.99590088,-1.2585577,-1.0016121
3.12,-1.3335785,-1.0985098,-1.0065034,-0.99667838,-1.2441605,-1.0020541
3.13,-1.3211927,-1.0953348,-1.0168672,-0.99732821,-1.2289504,-1.0018306
3.14,-1.3081636,-1.0916864,-1.0264817,-0.99784556,-1.2131057,-1.0016072
3.15,-1.2951344,-1.088038,-1.0360963,-0.99836291,-1.1972596,-1.0013838
3.16,-1.2822964,-1.0843897,-1.0457109,-0.99888026,-1.1807862,-1.0011604
3.17,-1.2695566,-1.0798223,-1.0553254,-0.99892786,-1.1639571,-1.0003035
3.18,-1.2569008,-1.0747739,-1.0631481,-0.99884758,-1.1470048,-0.99895248
3.19,-1.2444358,-1.0697255,-1.070916,-0.99876729,-1.1301247,-0.99760146
3.2,-1.2319707,-1.0646771,-1.0786839,-0.99828097,-1.1134869,-0.99625044
3.21,-1.2197522,-1.0589448,-1.0864517,-0.99758984,-1.0972279,-0.99489942
3.22,-1.2075477,-1.0526978,-1.0933295,-0.99689871,-1.0814682,-0.99278268
3.23,-1.1954861,-1.0464509,-1.098948,-0.99580727,-1.0662998,-0.99031884
3.24,-1.1835272,-1.0402039,-1.1045665,-0.99449407,-1.0518019,-0.98785501
3.25,-1.1716172,-1.0335692,-1.110185,-0.99318087,-1.038034,-0.98539118
3.26,-1.1598898,-1.0263481,-1.1158035,-0.99141524,-1.0250421,-0.98292735
3.27,-1.1481624,-1.019127,-1.1194536,-0.98947104,-1.0128589,-0.97960519
3.28,-1.1366151,-1.011906,-1.1226578,-0.98752684,-1.0015061,-0.97604852
3.29,-1.1251037,-1.0046131,-1.125862,-0.98502181,-0.99099615,-0.97249184
3.3,-1.1136828,-0.99665073,-1.1290661,-0.9824403,-0.981403,-0.96893516
3.31,-1.102373,-0.98868841,-1.1318684,-0.97977722,-0.9728867,-0.96537848
3.32,-1.0910737,-0.98072609,-1.1324366,-0.97655549,-0.96526288,-0.96091887
3.33,-1.0799507,-0.97276376,-1.1330049,-0.97333375,-0.95851487,-0.95629439
3.34,-1.0688278,-0.96448005,-1.1335732,-0.96982172,-0.95262049,-0.9516699
3.35,-1.0578172,-0.95600333,-1.1341415,-0.96596029,-0.94791264,-0.94704542
3.36,-1.0468659,-0.94752661,-1.1335723,-0.96209885,-0.94417247,-0.94242094
3.37,-1.0359525,-0.93904989,-1.1313292,-0.95769496,-0.9412624,-0.93690293
3.38,-1.0251576,-0.93057317,-1.1290862,-0.95319833,-0.93924417,-0.93123995
3.39,-1.0143628,-0.92181112,-1.1268431,-0.9484996,-0.93851908,-0.92557697
3.4,-1.0036844,-0.91303082,-1.1246001,-0.94337688,-0.93857225,-0.91991399
3.41,-0.99303174,-0.90425052,-1.1207395,-0.93825416,-0.93936815,-0.91425101
3.42,-0.98242808,-0.89547022,-1.1155571,-0.93260812,-0.94095705,-0.90776237
3.43,-0.9719024,-0.8866899,-1.1103747,-0.92687327,-0.94322873,-0.90109469
3.44,-0.96137672,-0.87779354,-1.1051923,-0.92087429,-0.94692555,-0.894427
3.45,-0.9509568,-0.86889717,-1.1000099,-0.91454588,-0.95073498,-0.88775932
3.46,-0.9405436,-0.86000081,-1.0931106,-0.90816738,-0.9546809,-0.88109164
3.47,-0.93017761,-0.85110444,-1.0849066,-0.9012698,-0.95878756,-0.87372588
3.48,-0.91986246,-0.84220808,-1.0767026,-0.89437222,-0.96295334,-0.86609053
3.49,-0.90954806,-0.83334528,-1.0684986,-0.88705504,-0.96716322,-0.85845518
3.5,-0.89931625,-0.82449288,-1.0602946,-0.87961853,-0.97137276,-0.85081984
3.51,-0.88908444,-0.81564047,-1.0507527,-0.87192402,-0.97548807,-0.84318449
3.52,-0.87888877,-0.80678806,-1.0394887,-0.86398302,-0.97944344,-0.83503792
3.53,-0.86872618,-0.79793566,-1.0282246,-0.85591165,-0.98315262,-0.82647494
3.54,-0.85856469,-0.78911634,-1.0169605,-0.84750733,-0.98650876,-0.81791197
3.55,-0.8484574,-0.78043982,-1.0056965,-0.83906827,-0.98938627,-0.80934899
3.56,-0.83835011,-0.7717633,-0.99401653,-0.83024626,-0.99164468,-0.80078601
3.57,-0.82826349,-0.76308679,-0.97969238,-0.82142425,-0.9931343,-0.79195512
3.58,-0.81819737,-0.75441027,-0.96536823,-0.81226736,-0.99370446,-0.78250738
3.59,-0.80813126,-0.74573376,-0.95104408,-0.80307799,-0.99321196,-0.77305963
3.6,-0.79809232,-0.73712222,-0.93671993,-0.79365113,-0.99153013,-0.76361189
3.61,-0.7880543,-0.72872627,-0.92239579,-0.78414985,-0.98855727,-0.75416414
3.62,-0.77802213,-0.72033032,-0.90612584,-0.77448911,-0.98422174,-0.7447164
3.63,-0.7679982,-0.71193437,-0.88877652,-0.7647336,-0.97847892,-0.7344551
3.64,-0.75797427,-0.70353842,-0.87142719,-0.75488066,-0.97127607,-0.72416708
3.65,-0.74795162,-0.69514247,-0.85407787,-0.7449318,-0.96266777,-0.71387906
3.66,-0.73792921,-0.68674652,-0.83672854,-0.73493307,-0.95270653,-0.70359105
3.67,-0.72790386,-0.6786579,-0.81937921,-0.7248551,-0.94146938,-0.69330303
3.68,-0.71786991,-0.67062262,-0.79925272,-0.71475931,-0.92904979,-0.6825868
3.69,-0.70783595,-0.66258734,-0.77894171,-0.70461509,-0.91555272,-0.67150462
3.7,-0.69778682,-0.65455207,-0.7586307,-0.69447058,-0.90108643,-0.66042244
3.71,-0.68772932,-0.64651679,-0.7383197,-0.68432444,-0.88574828,-0.64934026
3.72,-0.67766393,-0.63848151,-0.71800869,-0.67417446,-0.86889178,-0.63825808
3.73,-0.66706449,-0.63044615,-0.69769768,-0.66376034,-0.85105042,-0.62717076
3.74,-0.65640003,-0.62239932,-0.67590511,-0.65326812,-0.83241163,-0.61541184
3.75,-0.64563876,-0.61426029,-0.65365136,-0.6427489,-0.81297574,-0.60343628
3.76,-0.63472772,-0.60610122,-0.63098974,-0.63221384,-0.79291174,-0.59120555
3.77,-0.62376279,-0.59819114,-0.6079475,-0.62222076,-0.77233504,-0.57823599
3.78,-0.61279786,-0.59028106,-0.58536457,-0.61222768,-0.75031096,-0.56526643
3.79,-0.60183293,-0.58237098,-0.56210612,-0.6022346,-0.72836752,-0.55216013
3.8,-0.59049228,-0.57440478,-0.53822289,-0.59183124,-0.70650015,-0.53885025
3.81,-0.57902866,-0.56569542,-0.51378384,-0.58134091,-0.68469681,-0.52554038
3.82,-0.56756503,-0.55698605,-0.48886528,-0.57085058,-0.66294454,-0.51196544
3.83,-0.5557933,-0.54827669,-0.46355585,-0.55997096,-0.64122926,-0.49833518
3.84,-0.54381341,-0.53921752,-0.43794729,-0.54897389,-0.61953776,-0.48462121
3.85,-0.53183352,-0.52964274,-0.41213735,-0.53797681,-0.59785914,-0.47069261
3.86,-0.51956675,-0.52006795,-0.38622797,-0.52655204,-0.57617793,-0.45676402
3.87,-0.5070553,-0.51049316,-0.36032059,-0.51504259,-0.55447868,-0.44262556
3.88,-0.49454385,-0.49999824,-0.33451483,-0.50352536,-0.53274928,-0.42842054
3.89,-0.48171641,-0.48949346,-0.30890718,-0.49150168,-0.51097752,-0.41414993
3.9,-0.46865749,-0.47898868,-0.2835869,-0.479478,-0.48915096,-0.3996935
3.91,-0.45559858,-0.4676835,-0.25863397,-0.46730131,-0.46725641,-0.38523706
3.92,-0.44214442,-0.45618592,-0.23412401,-0.45476777,-0.44527952,-0.37060348
3.93,-0.42852471,-0.44468833,-0.21011906,-0.44223423,-0.42319806,-0.35592086
3.94,-0.414905,-0.43231481,-0.18671535,-0.4293611,-0.40099572,-0.34117375
3.95,-0.40075904,-0.41976869,-0.16397579,-0.4163283,-0.378663,-0.32629196
3.96,-0.38656588,-0.40715957,-0.14189814,-0.40322513,-0.3561837,-0.31141017
3.97,-0.37224939,-0.39351971,-0.12050365,-0.38971002,-0.33354064,-0.29637838
3.98,-0.35747254,-0.37987985,-0.099802401,-0.3761949,-0.31071449,-0.28132619
3.99,-0.34269568,-0.36573139,-0.079795918,-0.36236472,-0.2876857,-0.26620985
4,-0.32757514,-0.35097001,-0.060516284,-0.34839152,-0.26443355,-0.25101516
4.01,-0.31220663,-0.33620456,-0.042150157,-0.33429232,-0.24093103,-0.23581694
4.02,-0.2968251,-0.32031395,-0.024481668,-0.31989415,-0.21715667,-0.22050969
4.03,-0.28085903,-0.30442333,-0.007483155,-0.30549598,-0.19307621,-0.20520243
4.04,-0.26489296,-0.28777152,0.0088761828,-0.29072571,-0.16865674,-0.18984426
4.05,-0.24860966,-0.2707758,0.022940094,-0.27594091,-0.14309716,-0.17445504
4.06,-0.23204437,-0.25326591,0.03579148,-0.26092771,-0.11697616,-0.1590549
4.07,-0.21541978,-0.2352198,0.047233956,-0.2458052,-0.090128601,-0.14361547
4.08,-0.19825495,-0.2168051,0.057665549,-0.23056043,-0.062863393,-0.12817603
4.09,-0.18109012,-0.19780555,0.067044741,-0.21515261,-0.03489273,-0.11272016
4.1,-0.16349465,-0.17850977,0.075339965,-0.19969786,-0.0062582794,-0.097260617
4.11,-0.14573649,-0.15868849,0.082411502,-0.18406636,0.022979087,-0.081805873
4.12,-0.12774085,-0.13861293,0.088249559,-0.16843317,0.052735817,-0.066357762
4.13,-0.10939661,-0.11814317,0.093054753,-0.15264061,0.082920435,-0.050910556
4.14,-0.090976491,-0.097465398,0.096852554,-0.13684805,0.11342073,-0.035505975
4.15,-0.072059984,-0.076545211,0.099685624,-0.12098002,0.14411929,-0.020101394
4.16,-0.053143476,-0.055499224,0.10161443,-0.10509557,0.17489048,-0.0047422726
4.17,-0.033725101,-0.034350518,0.10271675,-0.089195255,0.20560227,0.010588845
4.18,-0.014252939,-0.013201198,0.10308639,-0.07328573,0.23612965,0.025897656
4.19,0.0056000679,0.0079484694,0.10279681,-0.057395419,0.26635187,0.041123259
4.2,0.025606824,0.028944289,0.102014,-0.041530015,0.29554416,0.056348862
4.21,0.045894806,0.04987635,0.10088706,-0.025688724,0.32393396,0.071467959
4.22,0.066407726,0.07049966,0.099548995,-0.0099329755,0.35021471,0.086559762
4.23,0.087124759,0.091012336,0.098135125,0.005822773,0.37613627,0.10159041
4.24,0.10811469,0.11110665,0.096779123,0.021411086,0.40013447,0.11651715
4.25,0.12924807,0.1310275,0.095609542,0.036995387,0.42169576,0.13144389
4.26,0.15067967,0.15050917,0.09474637,0.052420353,0.44054203,0.14619194
4.27,0.17220846,0.16969781,0.094298067,0.067775789,0.45654222,0.16092699
4.28,0.19404236,0.18855664,0.094359383,0.083027784,0.46964245,0.17555681
4.29,0.21593863,0.20691117,0.095085405,0.098103044,0.47984355,0.19007217
4.3,0.23813182,0.2251984,0.096573952,0.1131783,0.48658854,0.20458547
4.31,0.26036138,0.24264956,0.098822757,0.12793456,0.49033416,0.21885553
4.32,0.28286774,0.26010072,0.10186527,0.14268633,0.49039172,0.23312559
4.33,0.30539122,0.27697019,0.10571898,0.15724401,0.48724223,0.24725537
4.34,0.32816319,0.29347965,0.11038881,0.17163475,0.48089831,0.26125468
4.35,0.3509363,0.30997965,0.11660695,0.18602151,0.47154409,0.27525474
4.36,0.37379231,0.32479658,0.12396346,0.20012955,0.45940195,0.28938741
4.37,0.39672384,0.33904758,0.13246282,0.21414396,0.44485494,0.30348537
4.38,0.41684634,0.35264156,0.1421822,0.22857897,0.4281872,0.31728246
4.39,0.43798062,0.36574343,0.15406102,0.24301397,0.40635079,0.33107955
4.4,0.45980778,0.3782046,0.16660864,0.25756554,0.384796,0.34486092
4.41,0.48275651,0.39011481,0.17984645,0.2721383,0.36465544,0.35863578
4.42,0.50590802,0.4015511,0.19378782,0.28676868,0.34549212,0.37238291
4.43,0.52960224,0.4125794,0.20843497,0.30142565,0.32729904,0.38609468
4.44,0.55346828,0.42325518,0.22381604,0.31609796,0.31112201,0.39978562
4.45,0.57761144,0.43362736,0.23991517,0.33078414,0.29620216,0.4133925
4.46,0.60183228,0.4437397,0.25662084,0.3454616,0.28280437,0.42699938
4.47,0.62619304,0.45363032,0.27388587,0.36012393,0.27184263,0.44046257
4.48,0.65055909,0.4633338,0.29164921,0.37477076,0.26316741,0.45392252
4.49,0.67494555,0.47288307,0.30983994,0.38935541,0.25690225,0.46723756
4.5,0.69933202,0.48229829,0.32837403,0.40393698,0.25340013,0.48050962
4.51,0.72358899,0.49161359,0.34715809,0.4183907,0.25300522,0.49365036
4.52,0.74783756,0.50086819,0.36609374,0.43284443,0.25602152,0.50669299
4.53,0.77192635,0.51008822,0.38507749,0.44714848,0.26267539,0.51963572
4.54,0.79589347,0.51929875,0.40400568,0.46142248,0.2730748,0.53241168
4.55,0.81981839,0.52852397,0.42277864,0.47555357,0.28717567,0.5451356
4.56,0.84337291,0.5377878,0.44130111,0.48959818,0.30476021,0.55760847
4.57,0.86692744,0.54712751,0.45948815,0.50353596,0.32543854,0.57008133
4.58,0.89018522,0.55657753,0.47726309,0.51730632,0.34867239,0.58223332
4.59,0.91320351,0.56615819,0.49452228,0.53103628,0.37389327,0.59437097
4.6,0.93622181,0.57589997,0.51120185,0.54449075,0.40027612,0.6062442
4.61,0.95862807,0.5858351,0.52728566,0.55794523,0.42713671,0.61801704
4.62,0.9809894,0.59599832,0.54274515,0.57110409,0.45394114,0.62960789
4.63,1.0031585,0.60642876,0.55756717,0.58420402,0.48026985,0.64099188
4.64,1.0247428,0.61717186,0.57174971,0.59710822,0.50583204,0.65230159
4.65,1.0463271,0.62827202,0.58529842,0.60981877,0.53043292,0.66327437
4.66,1.0674525,0.63912167,0.59895951,0.62247472,0.55534547,0.67424715
4.67,1.0881391,0.65006913,0.61221027,0.63476553,0.57889488,0.68485504
4.68,1.1088258,0.66115689,0.62493325,0.64705635,0.6007992,0.69540149
4.69,1.1287608,0.67235456,0.63729036,0.65902899,0.6207819,0.70573375
4.7,1.1484235,0.68364857,0.64931151,0.67087268,0.638793,0.71584112
4.71,1.1680862,0.69502525,0.66102543,0.68260258,0.65481505,0.72591727
4.72,1.186675,0.70647064,0.67245252,0.6939772,0.66885691,0.73557741
4.73,1.2051781,0.71797068,0.68361446,0.70535183,0.68088168,0.74523755
4.74,1.2235538,0.72951083,0.69452799,0.71637561,0.69085083,0.75462887
4.75,1.2407556,0.74107572,0.70520839,0.72726212,0.69913399,0.76383758
4.76,1.2579573,0.7526491,0.71566961,0.73808033,0.70585732,0.77301986
4.77,1.274779,0.76421136,0.72592419,0.74846346,0.71117654,0.78177656
4.78,1.2905207,0.77574854,0.73598335,0.75884659,0.71527281,0.79053326
4.79,1.3062624,0.78724567,0.7458361,0.76897795,0.71834897,0.79908683
4.8,1.3213122,0.79868829,0.75549229,0.778846,0.72062467,0.80739453
4.81,1.3354206,0.8100623,0.76497921,0.78871404,0.72233025,0.81570224
4.82,1.349529,0.82135399,0.77430345,0.79817742,0.72370014,0.82366787
4.83,1.3625444,0.83255128,0.78347136,0.80752238,0.72496555,0.83153184
4.84,1.3748264,0.8436172,0.79248882,0.81686733,0.72637873,0.83939254
4.85,1.3871083,0.85455721,0.80133944,0.82569145,0.72818861,0.84682089
4.86,1.3977616,0.86536052,0.81003012,0.83450801,0.73058369,0.85424923
4.87,1.4079963,0.87601666,0.81858499,0.84326056,0.73373459,0.86161133
4.88,1.418173,0.88651692,0.82700729,0.85154627,0.73778555,0.86861451
4.89,1.4261091,0.89685373,0.83529984,0.85983199,0.74285282,0.87561769
4.9,1.4340452,0.907002,0.84345768,0.86802555,0.74902403,0.88253429
4.91,1.4412094,0.91693664,0.8514612,0.87578104,0.75653576,0.8891242
4.92,1.4465564,0.92667935,0.85934296,0.88353652,0.76556474,0.8957141
4.93,1.4519034,0.93622607,0.86710491,0.8912175,0.77592283,0.90223913
4.94,1.4554197,0.94557321,0.87474865,0.89844457,0.78759608,0.90842905
4.95,1.4578371,0.95471668,0.88227501,0.90567165,0.80056705,0.91461896
4.96,1.460221,0.96347818,0.88949674,0.91288041,0.81505404,0.9208063
4.97,1.4605472,0.97199035,0.89654345,0.91905709,0.830859,0.92665086
4.98,1.4598153,0.98021044,0.90339015,0.92498834,0.84797662,0.9322635
4.99,1.4581718,0.98809831,0.91011086,0.93063326,0.86614542,0.93775067
5,1.4555316,0.99557522,0.91659623,0.9359256,0.885424,0.94296265
